drug_a,drug_b,severity,description,source_note
Warfarin,Aspirin,severe,"Increased bleeding risk when an anticoagulant is combined with an antiplatelet agent.","Well-established; standard clinical pharmacology reference."
Warfarin,Ibuprofen,severe,"NSAIDs increase bleeding risk when combined with warfarin.","Well-established."
Warfarin,Paracetamol,moderate,"Regular or high-dose paracetamol can raise INR and increase the anticoagulant effect of warfarin.","Documented with regular use; occasional single doses matter less."
Amoxicillin,Methotrexate,severe,"Penicillins can reduce methotrexate clearance, raising the risk of methotrexate toxicity.","Documented pharmacokinetic interaction."
Ciprofloxacin,Theophylline,moderate,"Ciprofloxacin can raise theophylline levels, increasing the risk of toxicity.","CYP1A2 inhibition."
Simvastatin,Clarithromycin,severe,"Clarithromycin greatly raises simvastatin levels, increasing the risk of serious muscle damage (rhabdomyolysis).","Strong CYP3A4 inhibition; contraindicated on labels."
Digoxin,Furosemide,moderate,"Potassium loss from furosemide can increase digoxin toxicity.","Standard cardiology caution."
Lisinopril,Ibuprofen,moderate,"NSAIDs can blunt the blood-pressure effect of ACE inhibitors and strain the kidneys.","Well-documented."
Sertraline,Tramadol,severe,"Combined use raises the risk of serotonin syndrome and seizures.","Documented serotonergic interaction."
Aspirin,Ibuprofen,mild,"Ibuprofen can interfere with the heart-protective effect of low-dose aspirin if taken close together.","Timing dependent."
Metformin,Furosemide,mild,"Furosemide can raise metformin levels, and diuretics can affect blood-sugar control.","Standard diabetes-care caution."
Omeprazole,Clopidogrel,moderate,"Omeprazole can reduce how well clopidogrel works.","CYP2C19 interaction; noted on clopidogrel labelling."
Amlodipine,Simvastatin,moderate,"Amlodipine raises simvastatin levels, increasing muscle-damage risk at higher simvastatin doses.","Dose limited on labelling."
Losartan,Ibuprofen,moderate,"NSAIDs can weaken the blood-pressure effect of losartan and affect kidney function.","Same class effect as ACE inhibitor plus NSAID."
Levothyroxine,Calcium Carbonate,moderate,"Calcium can block absorption of levothyroxine unless doses are spaced apart.","Absorption interaction."
Ciprofloxacin,Calcium Carbonate,moderate,"Calcium can block absorption of ciprofloxacin unless doses are spaced apart.","Chelation."
Prednisolone,Ibuprofen,moderate,"Corticosteroids plus NSAIDs raise the risk of stomach ulcers and bleeding.","Well-documented GI risk."
Methotrexate,Ibuprofen,severe,"NSAIDs can reduce methotrexate clearance and raise toxicity risk, especially at high methotrexate doses.","Dose dependent."
Spironolactone,Lisinopril,moderate,"Together they can cause dangerously high potassium (hyperkalaemia).","Well-documented."
Fluoxetine,Tramadol,severe,"Combined use raises the risk of serotonin syndrome and seizures.","Same class as sertraline and tramadol."
Clopidogrel,Aspirin,moderate,"Combined antiplatelet use raises bleeding risk; sometimes prescribed together on purpose under supervision.","Intentional dual therapy exists."
Enalapril,Spironolactone,moderate,"Together they can cause dangerously high potassium.","Same class effect."
Domperidone,Ketoconazole,severe,"Raises the risk of dangerous heart rhythm changes (QT prolongation).","Contraindicated on labelling in several markets."
Citalopram,Omeprazole,moderate,"Omeprazole can raise citalopram levels; citalopram dose limits apply.","CYP2C19 inhibition."
Warfarin,Metronidazole,severe,"Metronidazole can greatly increase warfarin's blood-thinning effect.","Well-documented."
Digoxin,Amiodarone,severe,"Amiodarone raises digoxin levels sharply, risking toxicity.","Dose reduction usually needed."
Warfarin,Amiodarone,severe,"Amiodarone increases warfarin's effect and bleeding risk.","Dose reduction usually needed."
Losartan,Spironolactone,moderate,"Together they can cause dangerously high potassium.","Same class effect."